metric,value
total_records,100
valid_records,95
invalid_records,5
invalid_incident_id,0
invalid_duplicate_incident_id,0
invalid_date,0
invalid_country,0
invalid_customer_type,0
invalid_tracking_number,1
invalid_carrier_country,1
invalid_category,1
invalid_description,0
invalid_customer_email,1
invalid_status,0
invalid_satisfaction_score,0
invalid_closed_without_score,1
categories_LOST_PARCEL_count,14
categories_LOST_PARCEL_percentage,14.7
categories_DELAYED_DELIVERY_count,38
categories_DELAYED_DELIVERY_percentage,40.0
categories_WRONG_ADDRESS_count,19
categories_WRONG_ADDRESS_percentage,20.0
categories_RETURN_REQUEST_count,17
categories_RETURN_REQUEST_percentage,17.9
categories_DAMAGE_count,7
categories_DAMAGE_percentage,7.4
statuses_OPEN_count,29
statuses_OPEN_percentage,30.5
statuses_CLOSED_count,52
statuses_CLOSED_percentage,54.7
statuses_DISCARDED_count,14
statuses_DISCARDED_percentage,14.7
countries_US_count,50
countries_US_percentage,52.6
countries_ES_count,45
countries_ES_percentage,47.4
closed_incidents,52
scored_closed_incidents,52
average_satisfaction,3.06
satisfaction_score_1,6
satisfaction_score_2,11
satisfaction_score_3,15
satisfaction_score_4,14
satisfaction_score_5,6
